,sim_id,p_SES_high,epsilon,rho,H_Share,Exposure,Friend_Bias,N_exposure,Degree
0,NbdeWnhF,0.5,0.5,1.5,0.5714285714285714,1.1,0.948051948051948,20,7
1,NbdeWnhF,0.5,0.5,1.5,0.3333333333333333,1.0526315789473684,0.9666666666666667,20,3
2,NbdeWnhF,0.5,0.5,1.5,0.5714285714285714,1.25,0.9428571428571428,20,7
3,NbdeWnhF,0.5,0.5,1.5,0.0,0.7,1.0,20,10
4,NbdeWnhF,0.5,0.5,1.5,0.375,1.1,0.9659090909090909,20,8
5,NbdeWnhF,0.5,0.5,1.5,0.5714285714285714,1.1764705882352942,0.9428571428571428,20,7
6,NbdeWnhF,0.5,0.5,1.5,0.5,0.9473684210526315,0.9444444444444444,20,14
7,NbdeWnhF,0.5,0.5,1.5,0.14285714285714285,0.9,0.9841269841269842,20,7
8,NbdeWnhF,0.5,0.5,1.5,0.36363636363636365,0.5263157894736842,0.9272727272727272,20,11
9,NbdeWnhF,0.5,0.5,1.5,0.6,1.1111111111111112,0.94,20,10
0,VAKoTpyW,0.5,0.55,1.5,0.1,0.7,0.9857142857142858,20,10
1,VAKoTpyW,0.5,0.55,1.5,0.3333333333333333,1.1578947368421053,0.9696969696969697,20,6
2,VAKoTpyW,0.5,0.55,1.5,0.5,1.1764705882352942,0.95,20,4
3,VAKoTpyW,0.5,0.55,1.5,0.5,1.0,0.95,20,12
4,VAKoTpyW,0.5,0.55,1.5,0.36363636363636365,1.1,0.9669421487603306,20,11
5,VAKoTpyW,0.5,0.55,1.5,0.5,1.263157894736842,0.9583333333333334,20,8
6,VAKoTpyW,0.5,0.55,1.5,0.4166666666666667,1.0526315789473684,0.9583333333333334,20,12
7,VAKoTpyW,0.5,0.55,1.5,0.375,0.8235294117647058,0.9464285714285714,20,8
8,VAKoTpyW,0.5,0.55,1.5,0.3333333333333333,1.1111111111111112,0.9666666666666667,20,6
9,VAKoTpyW,0.5,0.55,1.5,0.375,0.7368421052631579,0.9464285714285714,20,8
0,qOqsKZSm,0.5,0.6000000000000001,1.5,0.8333333333333334,1.7,0.9509803921568627,20,6
1,qOqsKZSm,0.5,0.6000000000000001,1.5,0.42857142857142855,1.263157894736842,0.9642857142857143,20,7
2,qOqsKZSm,0.5,0.6000000000000001,1.5,0.36363636363636365,1.0526315789473684,0.9636363636363636,20,11
3,qOqsKZSm,0.5,0.6000000000000001,1.5,0.3333333333333333,0.9473684210526315,0.962962962962963,20,9
4,qOqsKZSm,0.5,0.6000000000000001,1.5,0.9,1.4,0.9357142857142857,20,10
5,qOqsKZSm,0.5,0.6000000000000001,1.5,0.38461538461538464,1.0,0.9572649572649573,20,13
6,qOqsKZSm,0.5,0.6000000000000001,1.5,0.5,1.2,0.9583333333333334,20,8
7,qOqsKZSm,0.5,0.6000000000000001,1.5,0.6666666666666666,1.3333333333333333,0.9444444444444444,20,6
8,qOqsKZSm,0.5,0.6000000000000001,1.5,0.6666666666666666,1.2,0.9444444444444444,20,9
9,qOqsKZSm,0.5,0.6000000000000001,1.5,0.625,1.4736842105263157,0.9553571428571429,20,8
0,GMRczifo,0.5,0.6500000000000001,1.5,0.2727272727272727,0.9473684210526315,0.9696969696969697,20,11
1,GMRczifo,0.5,0.6500000000000001,1.5,0.45454545454545453,1.1,0.9586776859504132,20,11
2,GMRczifo,0.5,0.6500000000000001,1.5,0.3,1.2,0.975,20,10
3,GMRczifo,0.5,0.6500000000000001,1.5,0.6666666666666666,1.263157894736842,0.9444444444444444,20,9
4,GMRczifo,0.5,0.6500000000000001,1.5,0.375,1.0526315789473684,0.9625,20,8
5,GMRczifo,0.5,0.6500000000000001,1.5,0.5454545454545454,1.263157894736842,0.9545454545454546,20,11
6,GMRczifo,0.5,0.6500000000000001,1.5,0.75,1.1578947368421053,0.9318181818181819,20,8
7,GMRczifo,0.5,0.6500000000000001,1.5,0.3333333333333333,0.9473684210526315,0.962962962962963,20,9
8,GMRczifo,0.5,0.6500000000000001,1.5,0.2857142857142857,1.1111111111111112,0.9714285714285714,20,7
9,GMRczifo,0.5,0.6500000000000001,1.5,0.36363636363636365,1.2,0.9696969696969697,20,11
0,kNgdowiZ,0.5,0.7000000000000002,1.5,0.2857142857142857,1.0,0.9714285714285714,20,7
1,kNgdowiZ,0.5,0.7000000000000002,1.5,0.6,1.1764705882352942,0.94,20,5
2,kNgdowiZ,0.5,0.7000000000000002,1.5,0.2,1.0526315789473684,0.98,20,5
3,kNgdowiZ,0.5,0.7000000000000002,1.5,0.6666666666666666,1.1111111111111112,0.9333333333333333,20,6
4,kNgdowiZ,0.5,0.7000000000000002,1.5,0.42857142857142855,1.1,0.961038961038961,20,7
5,kNgdowiZ,0.5,0.7000000000000002,1.5,0.6666666666666666,1.1111111111111112,0.9333333333333333,20,9
6,kNgdowiZ,0.5,0.7000000000000002,1.5,0.3333333333333333,0.9,0.962962962962963,20,6
7,kNgdowiZ,0.5,0.7000000000000002,1.5,0.2222222222222222,0.8,0.9722222222222222,20,9
8,kNgdowiZ,0.5,0.7000000000000002,1.5,0.375,1.1,0.9659090909090909,20,8
9,kNgdowiZ,0.5,0.7000000000000002,1.5,0.5384615384615384,0.9,0.9401709401709402,20,13
0,vhfyblDt,0.5,0.7500000000000002,1.5,0.6,1.263157894736842,0.95,20,10
1,vhfyblDt,0.5,0.7500000000000002,1.5,0.125,0.9473684210526315,0.9861111111111112,20,8
2,vhfyblDt,0.5,0.7500000000000002,1.5,0.2727272727272727,0.7368421052631579,0.961038961038961,20,11
3,vhfyblDt,0.5,0.7500000000000002,1.5,0.6,1.368421052631579,0.9538461538461539,20,10
4,vhfyblDt,0.5,0.7500000000000002,1.5,0.5,1.2222222222222223,0.9545454545454546,20,8
5,vhfyblDt,0.5,0.7500000000000002,1.5,0.3333333333333333,0.9473684210526315,0.962962962962963,20,6
6,vhfyblDt,0.5,0.7500000000000002,1.5,0.5,1.0526315789473684,0.95,20,6
7,vhfyblDt,0.5,0.7500000000000002,1.5,0.6666666666666666,1.0,0.9333333333333333,20,6
8,vhfyblDt,0.5,0.7500000000000002,1.5,0.6,1.1578947368421053,0.9454545454545454,20,5
9,vhfyblDt,0.5,0.7500000000000002,1.5,0.25,1.1,0.9772727272727273,20,8
0,uPaAjAOF,0.5,0.8000000000000003,1.5,0.5,1.263157894736842,0.9583333333333334,20,6
1,uPaAjAOF,0.5,0.8000000000000003,1.5,0.5714285714285714,1.1578947368421053,0.948051948051948,20,7
2,uPaAjAOF,0.5,0.8000000000000003,1.5,0.4444444444444444,1.2222222222222223,0.9595959595959596,20,9
3,uPaAjAOF,0.5,0.8000000000000003,1.5,0.6,1.7894736842105263,0.9647058823529412,20,5
4,uPaAjAOF,0.5,0.8000000000000003,1.5,0.2857142857142857,1.3,0.978021978021978,20,7
5,uPaAjAOF,0.5,0.8000000000000003,1.5,0.5555555555555556,1.368421052631579,0.9572649572649573,20,9
6,uPaAjAOF,0.5,0.8000000000000003,1.5,0.6153846153846154,1.263157894736842,0.9487179487179487,20,13
7,uPaAjAOF,0.5,0.8000000000000003,1.5,0.42857142857142855,1.2,0.9642857142857143,20,7
8,uPaAjAOF,0.5,0.8000000000000003,1.5,0.42857142857142855,1.3,0.967032967032967,20,7
9,uPaAjAOF,0.5,0.8000000000000003,1.5,0.5,1.263157894736842,0.9583333333333334,20,10
0,aTAJJYRA,0.5,0.8500000000000003,1.5,0.3333333333333333,1.0526315789473684,0.9666666666666667,20,9
1,aTAJJYRA,0.5,0.8500000000000003,1.5,0.375,0.9,0.9583333333333334,20,8
2,aTAJJYRA,0.5,0.8500000000000003,1.5,0.4,0.6666666666666666,0.9333333333333333,20,5
3,aTAJJYRA,0.5,0.8500000000000003,1.5,0.42857142857142855,1.0526315789473684,0.9571428571428572,20,7
4,aTAJJYRA,0.5,0.8500000000000003,1.5,0.375,0.7058823529411765,0.9375,20,8
5,aTAJJYRA,0.5,0.8500000000000003,1.5,0.3333333333333333,1.0526315789473684,0.9666666666666667,20,6
6,aTAJJYRA,0.5,0.8500000000000003,1.5,0.4444444444444444,1.263157894736842,0.962962962962963,20,9
7,aTAJJYRA,0.5,0.8500000000000003,1.5,0.42857142857142855,1.1111111111111112,0.9571428571428572,20,7
8,aTAJJYRA,0.5,0.8500000000000003,1.5,0.2222222222222222,1.0,0.9753086419753086,20,9
9,aTAJJYRA,0.5,0.8500000000000003,1.5,0.5714285714285714,1.263157894736842,0.9523809523809523,20,7
0,fMmxstSi,0.5,0.9000000000000004,1.5,0.375,0.9,0.9583333333333334,20,8
1,fMmxstSi,0.5,0.9000000000000004,1.5,0.36363636363636365,0.631578947368421,0.9393939393939394,20,11
2,fMmxstSi,0.5,0.9000000000000004,1.5,0.42857142857142855,0.8,0.9464285714285714,20,7
3,fMmxstSi,0.5,0.9000000000000004,1.5,0.375,1.0,0.9583333333333334,20,8
4,fMmxstSi,0.5,0.9000000000000004,1.5,0.2857142857142857,1.0526315789473684,0.9714285714285714,20,7
5,fMmxstSi,0.5,0.9000000000000004,1.5,0.5,0.9473684210526315,0.9444444444444444,20,10
6,fMmxstSi,0.5,0.9000000000000004,1.5,0.2857142857142857,0.9,0.9682539682539683,20,7
7,fMmxstSi,0.5,0.9000000000000004,1.5,0.36363636363636365,0.9,0.9595959595959596,20,11
8,fMmxstSi,0.5,0.9000000000000004,1.5,0.4444444444444444,1.4,0.9682539682539683,20,9
9,fMmxstSi,0.5,0.9000000000000004,1.5,0.25,0.9473684210526315,0.9722222222222222,20,8
0,UDzWtlfE,0.5,0.9500000000000004,1.5,0.4,1.0526315789473684,0.96,20,10
1,UDzWtlfE,0.5,0.9500000000000004,1.5,0.25,0.6,0.9583333333333334,20,8
2,UDzWtlfE,0.5,0.9500000000000004,1.5,0.18181818181818182,0.7,0.974025974025974,20,11
3,UDzWtlfE,0.5,0.9500000000000004,1.5,0.375,1.1,0.9659090909090909,20,8
4,UDzWtlfE,0.5,0.9500000000000004,1.5,0.42857142857142855,1.1,0.961038961038961,20,7
5,UDzWtlfE,0.5,0.9500000000000004,1.5,0.125,0.631578947368421,0.9791666666666666,20,8
6,UDzWtlfE,0.5,0.9500000000000004,1.5,0.25,0.7368421052631579,0.9642857142857143,20,4
7,UDzWtlfE,0.5,0.9500000000000004,1.5,0.16666666666666666,0.8,0.9791666666666666,20,6
8,UDzWtlfE,0.5,0.9500000000000004,1.5,0.2727272727272727,0.6,0.9545454545454546,20,11
9,UDzWtlfE,0.5,0.9500000000000004,1.5,0.42857142857142855,1.0,0.9523809523809523,20,7
0,pVfYxRYv,0.5,1.0000000000000004,1.5,0.3333333333333333,1.0,0.962962962962963,20,9
1,pVfYxRYv,0.5,1.0000000000000004,1.5,0.25,0.7368421052631579,0.9642857142857143,20,12
2,pVfYxRYv,0.5,1.0000000000000004,1.5,0.5555555555555556,1.1578947368421053,0.9494949494949495,20,9
3,pVfYxRYv,0.5,1.0000000000000004,1.5,0.1111111111111111,0.9473684210526315,0.9876543209876543,20,9
4,pVfYxRYv,0.5,1.0000000000000004,1.5,0.4,0.8421052631578947,0.95,20,10
5,pVfYxRYv,0.5,1.0000000000000004,1.5,0.125,0.9473684210526315,0.9861111111111112,20,8
6,pVfYxRYv,0.5,1.0000000000000004,1.5,0.3333333333333333,0.6666666666666666,0.9444444444444444,20,9
7,pVfYxRYv,0.5,1.0000000000000004,1.5,0.5,1.4444444444444444,0.9615384615384616,20,8
8,pVfYxRYv,0.5,1.0000000000000004,1.5,0.2857142857142857,0.8,0.9642857142857143,20,7
9,pVfYxRYv,0.5,1.0000000000000004,1.5,0.5,1.1,0.9545454545454546,20,12
0,GNxzFSsp,0.5,1.0500000000000005,1.5,0.5454545454545454,1.0526315789473684,0.9454545454545454,20,11
1,GNxzFSsp,0.5,1.0500000000000005,1.5,0.36363636363636365,1.0,0.9636363636363636,20,11
2,GNxzFSsp,0.5,1.0500000000000005,1.5,0.2,0.9473684210526315,0.9777777777777777,20,5
3,GNxzFSsp,0.5,1.0500000000000005,1.5,0.5555555555555556,1.0526315789473684,0.9444444444444444,20,9
4,GNxzFSsp,0.5,1.0500000000000005,1.5,0.5,1.1764705882352942,0.95,20,10
5,GNxzFSsp,0.5,1.0500000000000005,1.5,0.5714285714285714,1.1578947368421053,0.948051948051948,20,7
6,GNxzFSsp,0.5,1.0500000000000005,1.5,0.4,1.0,0.96,20,10
7,GNxzFSsp,0.5,1.0500000000000005,1.5,0.18181818181818182,0.9473684210526315,0.9797979797979798,20,11
8,GNxzFSsp,0.5,1.0500000000000005,1.5,0.6,1.368421052631579,0.9538461538461539,20,10
9,GNxzFSsp,0.5,1.0500000000000005,1.5,0.5,0.9,0.9444444444444444,20,10
0,ELlATmuL,0.5,1.1000000000000005,1.5,0.625,0.9,0.9305555555555556,20,8
1,ELlATmuL,0.5,1.1000000000000005,1.5,0.5,1.0526315789473684,0.95,20,8
2,ELlATmuL,0.5,1.1000000000000005,1.5,0.2222222222222222,0.7368421052631579,0.9682539682539683,20,9
3,ELlATmuL,0.5,1.1000000000000005,1.5,0.0,1.0,1.0,20,3
4,ELlATmuL,0.5,1.1000000000000005,1.5,0.6363636363636364,1.3,0.951048951048951,20,11
5,ELlATmuL,0.5,1.1000000000000005,1.5,0.38461538461538464,0.9,0.9572649572649573,20,13
6,ELlATmuL,0.5,1.1000000000000005,1.5,0.3333333333333333,0.7058823529411765,0.9444444444444444,20,9
7,ELlATmuL,0.5,1.1000000000000005,1.5,0.4444444444444444,0.9,0.9506172839506173,20,9
8,ELlATmuL,0.5,1.1000000000000005,1.5,0.4,1.263157894736842,0.9666666666666667,20,5
9,ELlATmuL,0.5,1.1000000000000005,1.5,0.5714285714285714,1.1578947368421053,0.948051948051948,20,7
0,jGbArSjh,0.5,1.1500000000000006,1.5,0.6,1.1111111111111112,0.94,20,10
1,jGbArSjh,0.5,1.1500000000000006,1.5,0.42857142857142855,0.9473684210526315,0.9523809523809523,20,7
2,jGbArSjh,0.5,1.1500000000000006,1.5,0.16666666666666666,0.6666666666666666,0.9722222222222222,20,6
3,jGbArSjh,0.5,1.1500000000000006,1.5,0.0,0.2,1.0,20,10
4,jGbArSjh,0.5,1.1500000000000006,1.5,0.2727272727272727,0.8888888888888888,0.9659090909090909,20,11
5,jGbArSjh,0.5,1.1500000000000006,1.5,0.4444444444444444,1.0526315789473684,0.9555555555555556,20,9
6,jGbArSjh,0.5,1.1500000000000006,1.5,0.6666666666666666,1.0526315789473684,0.9333333333333333,20,12
7,jGbArSjh,0.5,1.1500000000000006,1.5,0.3,0.7368421052631579,0.9571428571428572,20,10
8,jGbArSjh,0.5,1.1500000000000006,1.5,0.0,0.5263157894736842,1.0,20,7
9,jGbArSjh,0.5,1.1500000000000006,1.5,0.2857142857142857,0.7058823529411765,0.9523809523809523,20,7
0,hniPcQYs,0.5,1.2000000000000006,1.5,0.4444444444444444,1.0526315789473684,0.9555555555555556,20,9
1,hniPcQYs,0.5,1.2000000000000006,1.5,0.5555555555555556,1.2941176470588236,0.9494949494949495,20,9
2,hniPcQYs,0.5,1.2000000000000006,1.5,0.2857142857142857,0.8235294117647058,0.9591836734693877,20,7
3,hniPcQYs,0.5,1.2000000000000006,1.5,0.4444444444444444,0.9473684210526315,0.9506172839506173,20,9
4,hniPcQYs,0.5,1.2000000000000006,1.5,0.2727272727272727,0.5,0.9454545454545454,20,11
5,hniPcQYs,0.5,1.2000000000000006,1.5,0.5,0.9473684210526315,0.9444444444444444,20,6
6,hniPcQYs,0.5,1.2000000000000006,1.5,0.25,0.8,0.96875,20,8
7,hniPcQYs,0.5,1.2000000000000006,1.5,0.2857142857142857,0.7,0.9591836734693877,20,7
8,hniPcQYs,0.5,1.2000000000000006,1.5,0.5555555555555556,1.263157894736842,0.9537037037037037,20,9
9,hniPcQYs,0.5,1.2000000000000006,1.5,0.2,0.8421052631578947,0.975,20,5
0,CqhtDlHm,0.5,1.2500000000000007,1.5,0.2857142857142857,0.8421052631578947,0.9642857142857143,20,7
1,CqhtDlHm,0.5,1.2500000000000007,1.5,0.42857142857142855,1.0526315789473684,0.9571428571428572,20,7
2,CqhtDlHm,0.5,1.2500000000000007,1.5,0.2222222222222222,1.1,0.9797979797979798,20,9
3,CqhtDlHm,0.5,1.2500000000000007,1.5,0.3333333333333333,0.7777777777777778,0.9523809523809523,20,6
4,CqhtDlHm,0.5,1.2500000000000007,1.5,0.3,0.8421052631578947,0.9625,20,10
5,CqhtDlHm,0.5,1.2500000000000007,1.5,0.0,1.1,1.0,20,5
6,CqhtDlHm,0.5,1.2500000000000007,1.5,0.38461538461538464,0.8888888888888888,0.9519230769230769,20,13
7,CqhtDlHm,0.5,1.2500000000000007,1.5,0.5,0.8,0.9375,20,10
8,CqhtDlHm,0.5,1.2500000000000007,1.5,0.25,0.7777777777777778,0.9642857142857143,20,8
9,CqhtDlHm,0.5,1.2500000000000007,1.5,0.42857142857142855,0.8421052631578947,0.9464285714285714,20,14
0,ifDvzyCn,0.5,1.3000000000000007,1.5,0.25,0.8235294117647058,0.9642857142857143,20,8
1,ifDvzyCn,0.5,1.3000000000000007,1.5,0.25,0.7368421052631579,0.9642857142857143,20,8
2,ifDvzyCn,0.5,1.3000000000000007,1.5,0.2,0.631578947368421,0.9666666666666667,20,5
3,ifDvzyCn,0.5,1.3000000000000007,1.5,0.5,1.0,0.95,20,8
4,ifDvzyCn,0.5,1.3000000000000007,1.5,0.3076923076923077,0.8,0.9615384615384616,20,13
5,ifDvzyCn,0.5,1.3000000000000007,1.5,0.5555555555555556,1.1111111111111112,0.9444444444444444,20,9
6,ifDvzyCn,0.5,1.3000000000000007,1.5,0.4444444444444444,0.9473684210526315,0.9506172839506173,20,9
7,ifDvzyCn,0.5,1.3000000000000007,1.5,0.2,0.7,0.9714285714285714,20,5
8,ifDvzyCn,0.5,1.3000000000000007,1.5,0.42857142857142855,0.6666666666666666,0.9285714285714286,20,7
9,ifDvzyCn,0.5,1.3000000000000007,1.5,0.3333333333333333,1.1578947368421053,0.9696969696969697,20,9
0,GCiokFut,0.5,1.3500000000000008,1.5,0.25,0.8235294117647058,0.9642857142857143,20,8
1,GCiokFut,0.5,1.3500000000000008,1.5,0.42857142857142855,1.0526315789473684,0.9571428571428572,20,7
2,GCiokFut,0.5,1.3500000000000008,1.5,0.3333333333333333,0.8,0.9583333333333334,20,12
3,GCiokFut,0.5,1.3500000000000008,1.5,0.16666666666666666,1.0,0.9833333333333333,20,6
4,GCiokFut,0.5,1.3500000000000008,1.5,0.625,1.411764705882353,0.9479166666666666,20,8
5,GCiokFut,0.5,1.3500000000000008,1.5,0.5714285714285714,0.9473684210526315,0.9365079365079365,20,7
6,GCiokFut,0.5,1.3500000000000008,1.5,0.2222222222222222,0.7368421052631579,0.9682539682539683,20,9
7,GCiokFut,0.5,1.3500000000000008,1.5,0.4444444444444444,1.0526315789473684,0.9555555555555556,20,9
8,GCiokFut,0.5,1.3500000000000008,1.5,0.3333333333333333,0.8421052631578947,0.9583333333333334,20,9
9,GCiokFut,0.5,1.3500000000000008,1.5,0.25,1.1,0.9772727272727273,20,8
0,KYFoZIXY,0.5,1.4000000000000008,1.5,0.2857142857142857,0.8888888888888888,0.9642857142857143,20,7
1,KYFoZIXY,0.5,1.4000000000000008,1.5,0.4,1.1,0.9636363636363636,20,10
2,KYFoZIXY,0.5,1.4000000000000008,1.5,0.4444444444444444,1.0588235294117647,0.9506172839506173,20,9
3,KYFoZIXY,0.5,1.4000000000000008,1.5,0.0,0.631578947368421,1.0,20,5
4,KYFoZIXY,0.5,1.4000000000000008,1.5,0.5555555555555556,1.0526315789473684,0.9444444444444444,20,9
5,KYFoZIXY,0.5,1.4000000000000008,1.5,0.6666666666666666,1.1578947368421053,0.9393939393939394,20,6
6,KYFoZIXY,0.5,1.4000000000000008,1.5,0.125,0.7,0.9821428571428571,20,8
7,KYFoZIXY,0.5,1.4000000000000008,1.5,0.4444444444444444,1.0526315789473684,0.9555555555555556,20,9
8,KYFoZIXY,0.5,1.4000000000000008,1.5,0.3,0.8421052631578947,0.9625,20,10
9,KYFoZIXY,0.5,1.4000000000000008,1.5,0.5384615384615384,1.3333333333333333,0.9551282051282052,20,13
0,yDqlmUht,0.5,1.4500000000000008,1.5,0.4,0.8421052631578947,0.95,20,10
1,yDqlmUht,0.5,1.4500000000000008,1.5,0.42857142857142855,0.5263157894736842,0.9142857142857143,20,7
2,yDqlmUht,0.5,1.4500000000000008,1.5,0.3333333333333333,0.5555555555555556,0.9333333333333333,20,9
3,yDqlmUht,0.5,1.4500000000000008,1.5,0.375,0.8421052631578947,0.953125,20,8
4,yDqlmUht,0.5,1.4500000000000008,1.5,0.2222222222222222,0.7,0.9682539682539683,20,9
5,yDqlmUht,0.5,1.4500000000000008,1.5,0.16666666666666666,0.7368421052631579,0.9761904761904762,20,6
6,yDqlmUht,0.5,1.4500000000000008,1.5,0.42857142857142855,1.1,0.961038961038961,20,7
7,yDqlmUht,0.5,1.4500000000000008,1.5,0.25,0.6,0.9583333333333334,20,8
8,yDqlmUht,0.5,1.4500000000000008,1.5,0.5454545454545454,1.0526315789473684,0.9454545454545454,20,11
9,yDqlmUht,0.5,1.4500000000000008,1.5,0.4444444444444444,1.0,0.9506172839506173,20,9
0,dozUMbWS,0.5,1.5000000000000009,1.5,0.42857142857142855,0.8888888888888888,0.9464285714285714,20,7
1,dozUMbWS,0.5,1.5000000000000009,1.5,0.09090909090909091,0.3333333333333333,0.9696969696969697,20,11
2,dozUMbWS,0.5,1.5000000000000009,1.5,0.8,1.2941176470588236,0.9272727272727272,20,5
3,dozUMbWS,0.5,1.5000000000000009,1.5,0.6,0.7,0.9142857142857143,20,5
4,dozUMbWS,0.5,1.5000000000000009,1.5,0.16666666666666666,0.8421052631578947,0.9791666666666666,20,6
5,dozUMbWS,0.5,1.5000000000000009,1.5,0.1,0.3333333333333333,0.9666666666666667,20,10
6,dozUMbWS,0.5,1.5000000000000009,1.5,0.2727272727272727,0.6666666666666666,0.9545454545454546,20,11
7,dozUMbWS,0.5,1.5000000000000009,1.5,0.25,0.9473684210526315,0.9722222222222222,20,4
8,dozUMbWS,0.5,1.5000000000000009,1.5,0.2,0.8421052631578947,0.975,20,5
9,dozUMbWS,0.5,1.5000000000000009,1.5,0.3333333333333333,0.7368421052631579,0.9523809523809523,20,9
0,txvYsmjW,0.5,1.550000000000001,1.5,0.2222222222222222,0.9,0.9753086419753086,20,9
1,txvYsmjW,0.5,1.550000000000001,1.5,0.4166666666666667,0.8421052631578947,0.9479166666666666,20,12
2,txvYsmjW,0.5,1.550000000000001,1.5,0.3,0.7368421052631579,0.9571428571428572,20,10
3,txvYsmjW,0.5,1.550000000000001,1.5,0.375,1.1578947368421053,0.9659090909090909,20,8
4,txvYsmjW,0.5,1.550000000000001,1.5,0.2857142857142857,1.0526315789473684,0.9714285714285714,20,7
5,txvYsmjW,0.5,1.550000000000001,1.5,0.25,0.8,0.96875,20,8
6,txvYsmjW,0.5,1.550000000000001,1.5,0.3076923076923077,0.5263157894736842,0.9384615384615385,20,13
7,txvYsmjW,0.5,1.550000000000001,1.5,0.7142857142857143,1.2,0.9404761904761905,20,7
8,txvYsmjW,0.5,1.550000000000001,1.5,0.5,0.8888888888888888,0.9375,20,6
9,txvYsmjW,0.5,1.550000000000001,1.5,0.7142857142857143,1.4444444444444444,0.945054945054945,20,7
0,RdlRIPQt,0.5,1.600000000000001,1.5,0.0,0.631578947368421,1.0,20,7
1,RdlRIPQt,0.5,1.600000000000001,1.5,0.2,0.7777777777777778,0.9714285714285714,20,10
2,RdlRIPQt,0.5,1.600000000000001,1.5,0.3,0.631578947368421,0.95,20,10
3,RdlRIPQt,0.5,1.600000000000001,1.5,0.38461538461538464,0.631578947368421,0.9358974358974359,20,13
4,RdlRIPQt,0.5,1.600000000000001,1.5,0.3333333333333333,0.6,0.9444444444444444,20,9
5,RdlRIPQt,0.5,1.600000000000001,1.5,0.15384615384615385,0.5263157894736842,0.9692307692307692,20,13
6,RdlRIPQt,0.5,1.600000000000001,1.5,0.1,0.4,0.975,20,10
7,RdlRIPQt,0.5,1.600000000000001,1.5,0.3333333333333333,1.1578947368421053,0.9696969696969697,20,9
8,RdlRIPQt,0.5,1.600000000000001,1.5,0.2,0.7,0.9714285714285714,20,10
9,RdlRIPQt,0.5,1.600000000000001,1.5,0.375,0.7777777777777778,0.9464285714285714,20,8
0,DGeHNwvO,0.5,1.650000000000001,1.5,0.3,0.8,0.9625,20,10
1,DGeHNwvO,0.5,1.650000000000001,1.5,0.5,1.1,0.9545454545454546,20,8
2,DGeHNwvO,0.5,1.650000000000001,1.5,0.2,0.7,0.9714285714285714,20,10
3,DGeHNwvO,0.5,1.650000000000001,1.5,0.2222222222222222,0.8,0.9722222222222222,20,9
4,DGeHNwvO,0.5,1.650000000000001,1.5,0.1111111111111111,0.35294117647058826,0.962962962962963,20,9
5,DGeHNwvO,0.5,1.650000000000001,1.5,0.5,0.9411764705882353,0.9375,20,10
6,DGeHNwvO,0.5,1.650000000000001,1.5,0.25,0.5882352941176471,0.95,20,8
7,DGeHNwvO,0.5,1.650000000000001,1.5,0.5,1.1111111111111112,0.95,20,8
8,DGeHNwvO,0.5,1.650000000000001,1.5,0.4444444444444444,1.2222222222222223,0.9595959595959596,20,9
9,DGeHNwvO,0.5,1.650000000000001,1.5,0.125,0.9473684210526315,0.9861111111111112,20,8
0,qmGyCbrK,0.5,1.700000000000001,1.5,0.2222222222222222,0.7368421052631579,0.9682539682539683,20,9
1,qmGyCbrK,0.5,1.700000000000001,1.5,0.6666666666666666,1.3333333333333333,0.9444444444444444,20,9
2,qmGyCbrK,0.5,1.700000000000001,1.5,0.4,0.8421052631578947,0.95,20,10
3,qmGyCbrK,0.5,1.700000000000001,1.5,0.5714285714285714,1.368421052631579,0.9560439560439561,20,7
4,qmGyCbrK,0.5,1.700000000000001,1.5,0.3333333333333333,1.4736842105263157,0.9761904761904762,20,3
5,qmGyCbrK,0.5,1.700000000000001,1.5,0.2,0.7368421052631579,0.9714285714285714,20,5
6,qmGyCbrK,0.5,1.700000000000001,1.5,0.5555555555555556,1.4,0.9603174603174603,20,9
7,qmGyCbrK,0.5,1.700000000000001,1.5,0.25,0.6666666666666666,0.9583333333333334,20,8
8,qmGyCbrK,0.5,1.700000000000001,1.5,0.2857142857142857,0.7777777777777778,0.9591836734693877,20,7
9,qmGyCbrK,0.5,1.700000000000001,1.5,0.0,1.0,1.0,20,6
0,VDMqGLGY,0.5,1.750000000000001,1.5,0.2727272727272727,0.7,0.961038961038961,20,11
1,VDMqGLGY,0.5,1.750000000000001,1.5,0.2857142857142857,1.0,0.9714285714285714,20,7
2,VDMqGLGY,0.5,1.750000000000001,1.5,0.1111111111111111,0.3333333333333333,0.962962962962963,20,9
3,VDMqGLGY,0.5,1.750000000000001,1.5,0.3333333333333333,0.7,0.9523809523809523,20,9
4,VDMqGLGY,0.5,1.750000000000001,1.5,0.2,0.7777777777777778,0.9714285714285714,20,10
5,VDMqGLGY,0.5,1.750000000000001,1.5,0.6666666666666666,1.1,0.9393939393939394,20,9
6,VDMqGLGY,0.5,1.750000000000001,1.5,0.2857142857142857,0.6666666666666666,0.9523809523809523,20,14
7,VDMqGLGY,0.5,1.750000000000001,1.5,0.4,1.1,0.9636363636363636,20,5
8,VDMqGLGY,0.5,1.750000000000001,1.5,0.0,0.5555555555555556,1.0,20,9
9,VDMqGLGY,0.5,1.750000000000001,1.5,0.0,0.7368421052631579,1.0,20,6
0,QkKCWVuK,0.5,1.8000000000000012,1.5,0.16666666666666666,0.9,0.9814814814814815,20,6
1,QkKCWVuK,0.5,1.8000000000000012,1.5,0.25,1.0526315789473684,0.975,20,8
2,QkKCWVuK,0.5,1.8000000000000012,1.5,0.2857142857142857,0.6666666666666666,0.9523809523809523,20,7
3,QkKCWVuK,0.5,1.8000000000000012,1.5,0.2,0.631578947368421,0.9666666666666667,20,10
4,QkKCWVuK,0.5,1.8000000000000012,1.5,0.14285714285714285,1.1,0.987012987012987,20,7
5,QkKCWVuK,0.5,1.8000000000000012,1.5,0.25,0.6666666666666666,0.9583333333333334,20,8
6,QkKCWVuK,0.5,1.8000000000000012,1.5,0.25,0.5263157894736842,0.95,20,8
7,QkKCWVuK,0.5,1.8000000000000012,1.5,0.3,0.9473684210526315,0.9666666666666667,20,10
8,QkKCWVuK,0.5,1.8000000000000012,1.5,0.25,0.8,0.96875,20,8
9,QkKCWVuK,0.5,1.8000000000000012,1.5,0.4444444444444444,0.9473684210526315,0.9506172839506173,20,9
0,UAAMFmhZ,0.5,1.8500000000000012,1.5,0.5,0.7058823529411765,0.9166666666666666,20,10
1,UAAMFmhZ,0.5,1.8500000000000012,1.5,0.375,0.5,0.925,20,8
2,UAAMFmhZ,0.5,1.8500000000000012,1.5,0.2,0.7,0.9714285714285714,20,10
3,UAAMFmhZ,0.5,1.8500000000000012,1.5,0.4,0.8888888888888888,0.95,20,10
4,UAAMFmhZ,0.5,1.8500000000000012,1.5,0.2,0.7,0.9714285714285714,20,10
5,UAAMFmhZ,0.5,1.8500000000000012,1.5,0.375,1.0526315789473684,0.9625,20,8
6,UAAMFmhZ,0.5,1.8500000000000012,1.5,0.2,0.631578947368421,0.9666666666666667,20,10
7,UAAMFmhZ,0.5,1.8500000000000012,1.5,0.42857142857142855,0.9,0.9523809523809523,20,7
8,UAAMFmhZ,0.5,1.8500000000000012,1.5,0.5,0.8888888888888888,0.9375,20,6
9,UAAMFmhZ,0.5,1.8500000000000012,1.5,0.125,0.6,0.9791666666666666,20,8
0,DJgBMTgT,0.5,1.9000000000000012,1.5,0.2222222222222222,0.7777777777777778,0.9682539682539683,20,9
1,DJgBMTgT,0.5,1.9000000000000012,1.5,0.5,1.1578947368421053,0.9545454545454546,20,10
2,DJgBMTgT,0.5,1.9000000000000012,1.5,0.375,0.8421052631578947,0.953125,20,8
3,DJgBMTgT,0.5,1.9000000000000012,1.5,0.3333333333333333,0.8888888888888888,0.9583333333333334,20,6
4,DJgBMTgT,0.5,1.9000000000000012,1.5,0.2,0.7058823529411765,0.9666666666666667,20,10
5,DJgBMTgT,0.5,1.9000000000000012,1.5,0.0,0.7,1.0,20,8
6,DJgBMTgT,0.5,1.9000000000000012,1.5,0.2727272727272727,0.6666666666666666,0.9545454545454546,20,11
7,DJgBMTgT,0.5,1.9000000000000012,1.5,0.4,1.411764705882353,0.9666666666666667,20,5
8,DJgBMTgT,0.5,1.9000000000000012,1.5,0.3333333333333333,0.8,0.9583333333333334,20,6
9,DJgBMTgT,0.5,1.9000000000000012,1.5,0.0,0.42105263157894735,1.0,20,7
0,hwawoyXO,0.5,1.9500000000000013,1.5,0.125,0.8888888888888888,0.984375,20,8
1,hwawoyXO,0.5,1.9500000000000013,1.5,0.2,0.5263157894736842,0.96,20,10
2,hwawoyXO,0.5,1.9500000000000013,1.5,0.46153846153846156,1.0526315789473684,0.9538461538461538,20,13
3,hwawoyXO,0.5,1.9500000000000013,1.5,0.125,0.5555555555555556,0.975,20,8
4,hwawoyXO,0.5,1.9500000000000013,1.5,0.625,1.1,0.9431818181818182,20,8
5,hwawoyXO,0.5,1.9500000000000013,1.5,0.5,0.7777777777777778,0.9285714285714286,20,4
6,hwawoyXO,0.5,1.9500000000000013,1.5,0.5,0.7368421052631579,0.9285714285714286,20,6
7,hwawoyXO,0.5,1.9500000000000013,1.5,0.0,0.9473684210526315,1.0,20,5
8,hwawoyXO,0.5,1.9500000000000013,1.5,0.25,0.42105263157894735,0.9375,20,8
9,hwawoyXO,0.5,1.9500000000000013,1.5,0.18181818181818182,0.5263157894736842,0.9636363636363636,20,11
